branch,eps,omega1,omega2,radius_km,grid,error_LU
outward,10.88201866,0.345736764055298,0.186974631547367,13.2501,32,9.993e-11
outward,10.88197226,0.345736777334060,0.186974631804915,13.2500,32,9.997e-11
outward,10.88187947,0.345736803891583,0.186974632320012,13.2500,32,9.986e-11
outward,10.88169387,0.345736857006628,0.186974633350207,13.2499,32,9.994e-11
outward,10.88132269,0.345736963236720,0.186974635410595,13.2496,32,9.960e-11
outward,10.78629930,0.345764158140156,0.186975162869998,13.1890,32,5.112e-11
outward,10.69127592,0.345791353043592,0.186975690329402,13.1279,32,2.842e-11
outward,10.12113563,0.345954522464210,0.186978855085824,12.7568,32,4.507e-12
outward,9.26592518,0.346199276595137,0.186983602220456,12.1859,32,1.840e-12
outward,7.98310952,0.346566407791527,0.186990722922405,11.2956,32,1.023e-12
outward,7.02099777,0.346841756188820,0.186996063448866,10.5968,32,2.239e-12
outward,5.33730220,0.347323615884082,0.187005409370174,9.2756,32,3.594e-11
outward,4.07453053,0.347685010655528,0.187012418811155,8.2090,32,1.022e-11
outward,3.12745178,0.347956056734113,0.187017675891891,7.3374,32,3.530e-12
outward,2.41714271,0.348159341293052,0.187021618702442,6.6286,32,1.529e-12
outward,1.88441091,0.348311804712256,0.187024575810356,6.0565,32,8.646e-13
outward,1.48486206,0.348426152276659,0.187026793641291,5.5968,32,5.219e-12
outward,1.08531321,0.348540499841062,0.187029011472227,5.1034,32,4.164e-13
outward,0.78565158,0.348626260514364,0.187030674845428,4.7050,32,3.395e-13
outward,0.56090535,0.348690581019340,0.187031922375330,4.3860,32,3.630e-13
outward,0.39234568,0.348738821398073,0.187032858022755,4.1329,32,3.298e-13
outward,0.26592593,0.348775001682122,0.187033559758325,3.9337,32,3.351e-13
outward,0.17111111,0.348802136895159,0.187034086060002,3.7782,32,3.346e-13
outward,0.10000000,0.348822488304937,0.187034480786260,3.6578,32,3.643e-13
outward,0.04666667,0.348837751862271,0.187034776830953,3.5651,32,3.963e-13
outward,0.02000000,0.348845383640937,0.187034924853300,3.5179,32,3.352e-13
outward,0.00000000,0.348851107474937,0.187035035870060,3.4821,32,3.240e-13
