a,dist,drift,escaped,member
1.9999999999999998e-5,2.4724221860481856,4.757005345190635e-10,false,"Id 53 (1,1)"
2.201332791986147e-5,2.7510629122873187,1.5105550144056679e-10,false,"Id 53 (1,1)"
2.4229330305367626e-5,3.057724374675277,1.135047611455775e-10,false,"Id 53 (1,1)"
2.6668409664534744e-5,3.411458986408554,2.0871249173382012e-10,false,"Id 53 (1,1)"
2.935302235233031e-5,3.8179991896791097,1.996253162772632e-11,false,"Id 53 (1,1)"
3.2307885324043535e-5,4.273646026904037,2.053396341850089e-10,false,"Id 53 (1,1)"
3.556020370177251e-5,4.782428834059652,3.28345572953026e-10,false,"Id 53 (1,1)"
3.9139921249209573e-5,5.372912791736355,7.450240424589083e-11,false,"Id 53 (1,1)"
4.307999606082022e-5,6.042430279560695,2.4839580392566063e-10,false,"Id 53 (1,1)"
4.74167040036588e-5,6.799578966471143,1.2650017700011063e-9,false,"Id 53 (1,1)"
5.218997270557748e-5,7.67876914614807,1.7929208118161455e-9,false,"Id 53 (1,1)"
5.744374916482484e-5,8.67482718841151,2.175902069634361e-9,false,"Id 53 (1,1)"
6.32264043655779e-5,9.80503608675414,2.101828489031732e-9,false,"Id 53 (1,1)"
6.959117862466136e-5,11.077932932891782,6.484593417788176e-10,false,"Id 53 (1,1)"
7.659667176971624e-5,12.532221453531845,2.221836603588656e-9,false,"Id 53 (1,1)"
8.430738266183797e-5,14.117524705790494,4.116606960868907e-8,false,"Id 53 (1,1)"
9.279430303001415e-5,15.849134237274846,2.684956978971087e-9,false,"Id 53 (1,1)"
0.00010213557108473481,18.01763465950544,8.094135917069423e-10,false,"Id 53 (1,1)"
0.00011241719092852945,21.169222881717623,3.2940585631413555e-7,false,"Id 53 (1,1)"
0.00012373382438697,30.986119670832807,0.0002395333769653063,false,"Id 53 (1,1)"
0.0001361896625504461,494978.81705418247,0.011004488633466735,true,"Id 53 (1,1)"
0.0001498993850509124,486710.92292131734,0.015366736844857062,true,"Id 53 (1,1)"
0.00016498921590556577,484904.21846186975,0.024061870019441323,true,"Id 53 (1,1)"
0.00018159808564850217,502333.77005071874,0.05422375606688814,true,"Id 53 (1,1)"
0.0001998789104499784,485245.5379579173,0.0014208403628283503,true,"Id 53 (1,1)"
0.00022,483659.481260531,0.006977908169228415,true,"Id 53 (1,1)"
1.9999999999999998e-5,1.7514672580662694,1.4776141421535272e-10,false,"Id 51 (0.3,1)"
2.201332791986147e-5,1.9231138570524877,2.1321944210228594e-11,false,"Id 51 (0.3,1)"
2.4229330305367626e-5,2.1202835536580706,7.92736987165199e-11,false,"Id 51 (0.3,1)"
2.6668409664534744e-5,2.3352285778938575,1.35514155452654e-10,false,"Id 51 (0.3,1)"
2.935302235233031e-5,2.573346328712676,5.110682432807323e-10,false,"Id 51 (0.3,1)"
3.2307885324043535e-5,2.8333146568554652,2.4389640307376226e-10,false,"Id 51 (0.3,1)"
3.556020370177251e-5,3.1188011541470773,6.03555372347131e-10,false,"Id 51 (0.3,1)"
3.9139921249209573e-5,3.43522714250045,9.552125757039676e-11,false,"Id 51 (0.3,1)"
4.307999606082022e-5,3.785427016954329,6.414901942974893e-11,false,"Id 51 (0.3,1)"
4.74167040036588e-5,4.168389825356293,6.401767449482065e-10,false,"Id 51 (0.3,1)"
5.218997270557748e-5,4.597406265396388,2.498415363483275e-10,false,"Id 51 (0.3,1)"
5.744374916482484e-5,5.068514899273846,4.757236826691269e-10,false,"Id 51 (0.3,1)"
6.32264043655779e-5,5.58611778598074,4.995907576521574e-10,false,"Id 51 (0.3,1)"
6.959117862466136e-5,6.167538930371771,4.736572245533921e-11,false,"Id 51 (0.3,1)"
7.659667176971624e-5,6.801725139840982,2.0405327427752695e-10,false,"Id 51 (0.3,1)"
8.430738266183797e-5,7.514932619586091,5.807264114032762e-10,false,"Id 51 (0.3,1)"
9.279430303001415e-5,8.314358895682474,6.067526481245977e-10,false,"Id 51 (0.3,1)"
0.00010213557108473481,9.193699006115397,6.774336647197288e-11,false,"Id 51 (0.3,1)"
0.00011241719092852945,10.179015711900362,1.6622259124687844e-10,false,"Id 51 (0.3,1)"
0.00012373382438697,11.27698582830341,1.5718219503746411e-9,false,"Id 51 (0.3,1)"
0.0001361896625504461,12.778736335405956,1.1230743135470789e-7,false,"Id 51 (0.3,1)"
0.0001498993850509124,14.587410127974323,3.674320947499865e-8,false,"Id 51 (0.3,1)"
0.00016498921590556577,16.637382837611593,3.197362374862678e-10,false,"Id 51 (0.3,1)"
0.00018159808564850217,19.16451571502608,3.6099246925047623e-9,false,"Id 51 (0.3,1)"
0.0001998789104499784,22.529059343067523,0.002449498150268181,false,"Id 51 (0.3,1)"
0.00022,483900.48121475114,0.11532031703204776,true,"Id 51 (0.3,1)"
