radius,k1,k2,grid,member
1.3508412698472572,31,13,128x128,Id 53
1.3508412698472572,31,13,128x128,Id 53
1.3508412698472572,31,13,128x128,Id 53
1.3508412698472572,31,13,128x128,Id 53
1.3508412698472572,31,13,128x128,Id 53
1.3601792986152748,30,13,128x128,Id 53
1.3740499503272556,30,13,128x128,Id 53
1.39460620536469,25,9,128x128,Id 53
1.4098235338132554,6,3,128x128,Id 53
1.4324074887306548,15,5,128x128,Id 53
1.4491378552818903,5,3,128x128,Id 53
1.4739055831100139,10,3,128x128,Id 53
1.4922344208575808,5,3,128x128,Id 53
1.5193570948959931,5,3,128x128,Id 53
1.5394154423457078,6,3,128x128,Id 53
1.5690660159116783,5,3,128x128,Id 53
1.5909804414401123,5,3,128x128,Id 53
1.6233582425217903,5,3,128x128,Id 53
1.6472644505160576,5,3,128x128,Id 53
1.68255939040083,3,3,128x128,Id 53
1.7086004802323518,5,3,128x128,Id 53
1.7470188261654631,3,3,128x128,Id 53
1.7753462984592343,5,3,128x128,Id 53
1.8171055374669494,3,4,128x128,Id 53
1.847877844258792,3,4,128x128,Id 53
1.8706632200320512,3,4,128x128,Id 53
1.9043938148084187,3,4,128x128,Id 53
1.92935136348411,3,4,128x128,Id 53
1.9662671902516669,3,4,128x128,Id 53
1.9662671902516669,3,4,128x128,Id 53
2.002998945496318,3,4,128x128,Id 53
2.0301873246271476,3,4,128x128,Id 53
2.0703955499661504,3,4,128x128,Id 53
2.1001159119481767,3,4,128x128,Id 53
2.158497924282657,3,4,128x128,Id 53
2.215554238163192,3,4,128x128,Id 53
2.2834740599845156,3,4,64x64,Id 53
2.3512207681010375,3,4,64x64,Id 53
2.4173538676720008,3,4,64x64,Id 53
2.495218039025031,3,4,32x32,Id 53
2.5737593337211604,4,4,32x32,Id 53
2.6503657576992863,4,4,32x32,Id 53
2.7251914833653874,4,4,32x32,Id 53
2.798371530320097,5,4,32x32,Id 53
2.852250558252998,4,4,32x32,Id 53
2.957614467272807,4,4,32x32,Id 53
2.962526356992813,4,4,128x128,Id 53
3.0788715747149324,4,4,128x128,Id 53
3.2169589091832114,4,4,64x64,Id 53
3.3529466545836617,4,4,64x64,Id 53
3.51475041170702,4,4,32x32,Id 53
3.6732233020874845,4,5,32x32,Id 53
3.826675182798759,5,5,32x32,Id 53
3.9756538884374124,5,5,32x32,Id 53
4.1206188463057964,5,5,32x32,Id 53
4.261955020377698,5,5,32x32,Id 53
4.399994259457497,5,5,32x32,Id 53
4.535019313890074,5,5,32x32,Id 53
4.667278224924953,5,5,32x32,Id 53
4.796986941119185,5,5,32x32,Id 53
4.924335671190957,5,5,32x32,Id 53
5.049494731298293,5,5,32x32,Id 53
5.172613731394923,5,5,32x32,Id 53
5.293828312672051,5,6,32x32,Id 53
5.4132604976271566,5,6,32x32,Id 53
5.531021092570968,5,6,32x32,Id 53
5.618303980734716,5,6,32x32,Id 53
5.683209454578367,5,6,32x32,Id 53
5.683209454578367,5,6,32x32,Id 53
5.747655743967688,5,6,32x32,Id 53
5.811656232269683,5,6,32x32,Id 53
5.9383778896255635,5,6,32x32,Id 53
6.104835800688846,5,6,32x32,Id 53
6.3226805271556366,5,6,32x32,Id 53
6.606576746757398,5,6,32x32,Id 53
6.974888420462775,6,6,32x32,Id 53
7.450601383445053,6,7,32x32,Id 53
8.062729519475274,6,7,32x32,Id 53
8.866969611484988,8,11,64x64,Id 53
9.379206832874205,8,10,64x64,Id 53
10.049062426225728,8,10,64x64,Id 53
10.926134594960535,14,10,64x64,Id 53
12.081453802144399,8,12,64x64,Id 53
12.658513579548883,8,13,64x64,Id 53
12.663799757337904,27,26,128x128,Id 53
12.756207746295585,8,13,64x64,Id 53
12.85399201989798,8,14,64x64,Id 53
12.98453090919314,8,14,64x64,Id 53
13.121486632815817,8,16,128x128,Id 53
13.226420392612445,8,29,128x128,Id 53
13.366717324813918,28,28,128x128,Id 53
13.554243566001283,26,14,128x128,Id 53
13.80535543390703,27,31,128x128,Id 53
13.973556641637229,28,30,128x128,Id 53
14.198932606504858,27,30,128x128,Id 53
14.198932606504858,27,30,128x128,Id 53
14.29966805890776,26,15,128x128,Id 53
14.400701836725633,15,22,128x128,Id 53
14.451340595135376,16,25,128x128,Id 53
14.518977554597827,26,16,128x128,Id 53
14.609398076597476,9,16,128x128,Id 53
14.654714365754598,23,29,128x128,Id 53
14.677395492855155,22,26,128x128,Id 53
14.688743536330637,22,26,128x128,Id 53
14.694419264165242,22,26,128x128,Id 53
14.705774995428532,9,16,128x128,Id 53
14.71713512797951,9,16,128x128,Id 53
14.72849896725001,28,30,128x128,Id 53
14.739868695442366,29,30,128x128,Id 53
14.741764141823488,9,16,128x128,Id 53
14.744291548473468,28,30,128x128,Id 53
14.74471278285038,28,30,128x128,Id 53
14.74481809147471,28,30,128x128,Id 53
14.74487074583657,28,30,128x128,Id 53
14.765048431287296,62,59,256x256,Id 53
14.898569008699063,35,44,256x256,Id 53
14.898569008699063,35,44,256x256,Id 53
15.244246818736876,58,63,256x256,Id 53
15.34357319191245,56,33,256x256,Id 53
15.360550117058503,63,37,256x256,Id 53
15.366341778932892,63,40,256x256,Id 53
15.367557984187256,63,44,256x256,Id 53
15.36929280792713,63,48,256x256,Id 53
3.586024346074911,3,4,32x32,Id 51
3.624510943394182,3,4,32x32,Id 51
3.675355058633479,3,4,32x32,Id 51
3.775513718113659,3,4,32x32,Id 51
3.9061117220530583,3,4,32x32,Id 51
4.075518211096933,3,5,32x32,Id 51
4.2940134553562865,3,5,32x32,Id 51
4.574156098674713,4,5,32x32,Id 51
4.931315464173692,4,5,32x32,Id 51
5.384531312901425,4,5,32x32,Id 51
5.958663993352926,4,6,32x32,Id 51
6.6870625169206415,4,6,32x32,Id 51
7.412103242277498,4,12,32x64,Id 51
7.86802566899938,4,10,32x64,Id 51
8.466598042117557,4,10,32x64,Id 51
9.254889601790966,6,10,32x64,Id 51
10.301950286777977,7,10,32x64,Id 51
11.7181453618857,6,10,32x64,Id 51
13.193962994687222,7,12,32x64,Id 51
14.779143742968824,7,22,32x128,Id 51
15.941675826123317,12,22,64x128,Id 51
16.782337648025162,12,24,64x128,Id 51
17.708680495152688,13,62,64x256,Id 51
18.40295101671241,31,63,128x256,Id 51
18.924817085092315,27,53,128x256,Id 51
19.406225705716786,31,61,128x256,Id 51
20.01084307732007,63,127,256x512,Id 51
