id,mix,a,extent,perilune
15,"(0.3, 1.0)",8.09e-5,8.1,28.1
15,"(1.0, 0.3)",7.04e-5,4.3,28.1
15,"(1.0, 1.0)",6.12e-5,7.6,28.1
17,"(0.3, 1.0)",9.3e-5,9.5,27.5
17,"(1.0, 0.3)",7.04e-5,4.2,27.5
17,"(1.0, 1.0)",3.04e-5,3.4,27.5
19,"(0.3, 1.0)",9.3e-5,12.2,26.9
19,"(1.0, 0.3)",0.000123,7.5,26.9
19,"(1.0, 1.0)",5.32e-5,6.5,26.9
21,"(0.3, 1.0)",8.09e-5,9.2,26.3
21,"(1.0, 0.3)",0.000107,6.4,26.3
21,"(1.0, 1.0)",8.09e-5,11.3,26.3
23,"(0.3, 1.0)",9.3e-5,11.0,25.8
23,"(1.0, 0.3)",0.000142,10.6,25.8
23,"(1.0, 1.0)",5.32e-5,6.8,25.8
25,"(0.3, 1.0)",7.04e-5,7.5,25.2
25,"(1.0, 0.3)",0.000107,7.6,25.2
25,"(1.0, 1.0)",5.32e-5,6.9,25.2
27,"(0.3, 1.0)",4.02e-5,3.6,24.6
27,"(1.0, 0.3)",6.12e-5,3.5,24.6
27,"(1.0, 1.0)",6.12e-5,7.1,24.6
29,"(0.3, 1.0)",4.02e-5,3.8,24.1
29,"(1.0, 0.3)",7.04e-5,4.0,24.1
29,"(1.0, 1.0)",3.5e-5,4.0,24.1
31,"(0.3, 1.0)",6.12e-5,5.9,23.5
31,"(1.0, 0.3)",6.12e-5,3.7,23.5
31,"(1.0, 1.0)",6.12e-5,7.3,23.5
33,"(0.3, 1.0)",9.3e-5,9.5,22.9
33,"(1.0, 0.3)",0.000123,8.4,22.9
33,"(1.0, 1.0)",8.09e-5,10.5,22.9
35,"(0.3, 1.0)",0.000123,13.7,22.3
35,"(1.0, 0.3)",0.000163,12.6,22.3
35,"(1.0, 1.0)",9.3e-5,12.8,22.3
37,"(0.3, 1.0)",0.000142,16.7,21.8
37,"(1.0, 0.3)",0.000107,7.0,21.8
37,"(1.0, 1.0)",7.04e-5,9.1,21.8
51,"(0.3, 1.0)",0.000163,16.3,17.6
51,"(1.0, 0.3)",7.04e-5,4.4,17.6
51,"(1.0, 1.0)",7.04e-5,8.9,17.6
53,"(0.3, 1.0)",0.000142,15.0,17.1
53,"(1.0, 0.3)",0.000123,14.8,17.1
53,"(1.0, 1.0)",9.3e-5,15.9,17.1
55,"(0.3, 1.0)",0.000123,12.7,16.5
55,"(1.0, 0.3)",8.09e-5,7.7,16.5
55,"(1.0, 1.0)",6.12e-5,9.9,16.5
57,"(0.3, 1.0)",0.000187,14.8,15.9
57,"(1.0, 0.3)",4.63e-5,2.7,15.9
57,"(1.0, 1.0)",4.63e-5,5.2,15.9
59,"(0.3, 1.0)",2.64e-5,2.5,15.4
59,"(1.0, 0.3)",0.0,0.0,15.4
59,"(1.0, 1.0)",2.3e-5,3.1,15.4
71,"(0.3, 1.0)",2.0e-5,1.8,11.8
71,"(1.0, 0.3)",0.0,0.0,11.8
71,"(1.0, 1.0)",0.0,0.0,11.8
73,"(0.3, 1.0)",4.02e-5,4.0,11.3
73,"(1.0, 0.3)",2.0e-5,2.4,11.3
73,"(1.0, 1.0)",3.04e-5,6.6,11.3
75,"(0.3, 1.0)",6.12e-5,6.1,10.7
75,"(1.0, 0.3)",2.64e-5,2.6,10.7
75,"(1.0, 1.0)",6.12e-5,13.9,10.7
77,"(0.3, 1.0)",0.000107,9.8,10.1
77,"(1.0, 0.3)",4.02e-5,2.7,10.1
77,"(1.0, 1.0)",3.5e-5,4.3,10.1
85,"(0.3, 1.0)",0.000142,13.2,7.8
85,"(1.0, 0.3)",8.09e-5,6.2,7.8
85,"(1.0, 1.0)",9.3e-5,13.2,7.8
87,"(0.3, 1.0)",0.000187,17.9,7.2
87,"(1.0, 0.3)",9.3e-5,7.4,7.2
87,"(1.0, 1.0)",9.3e-5,12.5,7.2
89,"(0.3, 1.0)",0.000142,13.3,6.6
89,"(1.0, 0.3)",0.000123,16.2,6.6
89,"(1.0, 1.0)",9.3e-5,16.1,6.6
97,"(0.3, 1.0)",0.000187,17.6,4.2
97,"(1.0, 0.3)",0.000107,8.0,4.2
97,"(1.0, 1.0)",8.09e-5,10.3,4.2
99,"(0.3, 1.0)",0.000107,9.5,3.7
99,"(1.0, 0.3)",8.09e-5,6.7,3.7
99,"(1.0, 1.0)",6.12e-5,8.5,3.7
101,"(0.3, 1.0)",0.000163,15.7,3.1
101,"(1.0, 0.3)",0.000163,17.5,3.1
101,"(1.0, 1.0)",0.000123,21.4,3.1
109,"(0.3, 1.0)",0.000107,9.5,0.7
109,"(1.0, 0.3)",7.04e-5,5.2,0.7
109,"(1.0, 1.0)",8.09e-5,10.2,0.7
111,"(0.3, 1.0)",0.000163,15.2,0.2
111,"(1.0, 0.3)",0.000123,9.5,0.2
111,"(1.0, 1.0)",9.3e-5,12.1,0.2
